modelo,mean_iou,mean_f1,mean_recall,mean_precision,mean_dice,mean_specificity,mean_f2,mean_pixel_accuracy,mean_boundary_iou,mean_hausdorff_95,mean_latency_ms,mean_vram_mb
sam_b,0.34807344753757125,0.4296348992818942,0.6693337925481054,0.440595016593764,0.4296348992818942,0.9857094508814701,0.48180583344594263,0.9784520004632854,0.06941809653497186,38.15394140945633,146.05103554735868,8.934417314207257
sam_l,0.35524975173215373,0.4316456999703484,0.6685569580265841,0.44188084753551415,0.4316456999703484,0.9841345324364547,0.48056278167784294,0.9771838280694954,0.07509583782346071,37.648051564001264,315.2307906251813,8.84453701632813
sam2_b,0.3772357369214538,0.45667244708115595,0.7291720685729327,0.43608082009445615,0.45667244708115595,0.9809875090048437,0.5150512257487033,0.9746468196158347,0.068621445945744,38.76941721243131,306.97378027557147,8.900422870900371
