modelo,mean_iou,mean_f1,mean_recall,mean_precision,mean_dice,mean_specificity,mean_f2,mean_pixel_accuracy,mean_boundary_iou,mean_hausdorff_95,mean_latency_ms,mean_vram_mb
sam_b_kvasir,0.772955079321379,0.85579798857732,0.8595060530728937,0.9028114534742095,0.85579798857732,0.9817864784119827,0.8523523677691177,0.9575247012461778,0.07742598133438981,99.3268973269164,190.26813824971518,0.02666666666666667
sam_l_kvasir,0.7769648324275596,0.8507033023908068,0.9272223728085112,0.8370707997207083,0.8507033023908068,0.9606556523811524,0.8802010297607554,0.9469129264530829,0.10384164773157165,111.95895989014574,415.3074312210083,0.02666666666666667
sam_2_b_kvasir,0.7086680682634542,0.7839216861135699,0.7761967413497676,0.8623787793938262,0.78392168611357,0.9820675986782614,0.7739210188506043,0.936588415678677,0.10539575381175176,124.92370779394201,246.92007382710776,0.10666666666666667
sam_2.1_b_kvasir,0.7184293227158001,0.8038793023919059,0.8060324243909889,0.8663140926618477,0.8038793023919059,0.9829476224552934,0.7993810126721844,0.9404605103220263,0.0928310215948356,133.07158786271407,227.54906018575033,0.10666666666666667
sam_2_l_kvasir,0.7154987925572888,0.7811665795372341,0.8040975873984302,0.8124268563057069,0.7811665795372341,0.9736704589234755,0.7894189757941594,0.936719339695892,0.10712257453122721,143.1297233598129,339.4000005722046,0.11333333333333333
sam_2.1_l_kvasir,0.7684527237936917,0.8426393481378338,0.8622624424195471,0.8724900034499544,0.8426393481378338,0.980017806316787,0.8496763856297863,0.9495484762429317,0.10898477200635254,122.10434960843178,292.4147701263428,0.11333333333333333
sam_3_kvasir,0.8745137016569953,0.9271704093493637,0.9195338743202786,0.9506024747586017,0.9271704093493637,0.9901124727264959,0.9210617044414717,0.9721777780099,0.13917648869759242,66.01380902357397,826.663932800293,1.0979817708333333
sam_b_pascals,0.7815663746940829,0.8570323537796134,0.8758497939405558,0.8810710863307359,0.8570323537796134,0.9689362587349741,0.8601295291242258,0.9432627455510922,0.16554572537323065,67.84091464000339,180.86331896483898,0.03125
sam_l_pascals,0.8095556162932747,0.878098103306951,0.8663647781607506,0.9195109377915218,0.8780981033069509,0.9861620459777667,0.8675835461536201,0.95324705136621,0.16141774826937744,48.03464806377501,407.98092633485794,0.03125
